time,pres,P1,P2,P3,accmag,magx,magy,magz,absaccx,absaccy,absaccz
0.0,1000.040771484375,1000.0408935546875,1000.0504760742188,1000.0309448242188,-0.058948358030725956,31.1875,26.1875,20.875,-0.019328576520412533,0.2352166494232688,-0.06180490253116311
0.01,1000.0340779622396,1000.0408935546875,1000.0204467773438,1000.0408935546875,-0.058948358030725956,31.1875,26.1875,20.875,-0.019328576520412533,0.2352166494232688,-0.06180490253116311
0.02,1000.0174153645834,999.9808959960938,1000.0304565429688,1000.0408935546875,-0.6719806949118485,33.0,25.5,21.25,-0.3631711748242683,0.2257546836848423,-0.6819915457568264
0.031,1000.0307820638021,1000.0109252929688,1000.0504760742188,1000.0309448242188,0.1558617807503282,33.0,25.5,21.25,-0.421076815170943,-0.406872871967483,0.1386456271596348
0.041,1000.0174153645834,999.9909057617188,1000.0104370117188,1000.0509033203125,0.3009590573376624,33.0,25.5,21.25,0.329522283060804,-0.4148101887414426,0.28707089365233607
0.051,1000.0040893554688,1000.0009155273438,1000.0104370117188,1000.0009155273438,-0.09456377191090581,33.0,25.5,21.25,-0.05314939643921912,0.037751759766448956,-0.09478250123247633
0.061,999.9974161783854,999.9808959960938,1000.0104370117188,1000.0009155273438,-0.41878576175060367,33.0,25.5,21.25,-0.47940103478522866,0.20597922299899718,-0.4332920448465618
0.072,999.9940999348959,999.94091796875,1000.0204467773438,1000.0209350585938,-0.23625460174427992,32.5625,25.1875,22.0,0.011405727601666804,-0.05675559602409086,-0.23642962827763014
0.082,999.9874267578125,999.9808959960938,999.970458984375,1000.0109252929688,-0.08228704055724911,32.5625,25.1875,22.0,-0.006903276791924817,-0.024191144579716273,-0.08231956967109788
0.093,999.9874267578125,999.9808959960938,999.98046875,1000.0009155273438,0.3739380078597794,32.5625,25.1875,22.0,0.5090455767665278,-0.002724435669502867,0.3612073288354374
0.103,1000.0274251302084,1000.0308837890625,1000.0204467773438,1000.0309448242188,0.030660290254738598,32.5625,25.1875,22.0,-0.12383347598394501,0.09662701260559237,0.029406660914931493
0.113,999.9774169921875,999.9608764648438,999.9304809570312,1000.0408935546875,-0.23163351093185014,32.5625,25.75,21.6875,-0.6479721315159419,-0.06587649272390461,-0.25380321449014964
0.124,1000.0007527669271,1000.0308837890625,999.990478515625,999.9808959960938,-0.00045348119952492993,32.5625,25.75,21.6875,-0.06910468076715093,-0.1563056350500709,-0.001942292377242083
0.134,999.9607543945312,999.9608764648438,999.96044921875,999.9609375,-0.10904101794131016,32.5625,25.75,21.6875,0.08278677301056403,0.12538565149526137,-0.11020464338557368
0.144,1000.0007527669271,999.9708862304688,1000.0104370117188,1000.0209350585938,-0.3600844967244914,32.5625,25.75,21.6875,-0.04599141656542827,0.17922088848648743,-0.36189608007092033
0.154,999.9874267578125,999.950927734375,1000.0104370117188,1000.0009155273438,-0.5831910088087646,32.5625,25.75,21.6875,-0.5028275750619535,0.028762151957925752,-0.5969472307872099
0.164,999.9807535807291,999.9708862304688,999.970458984375,1000.0009155273438,0.1387939091152166,30.75,25.5,22.0,-0.40382139848301035,-0.3468462824507581,0.12454207200942591
0.175,999.9940999348959,1000.0009155273438,1000.00048828125,999.9808959960938,0.3721704810621791,30.75,25.5,22.0,-0.041447112755434556,-0.37967806184660624,0.3650047868102071
0.185,999.9907430013021,999.9708862304688,1000.0204467773438,999.9808959960938,0.06768211283760195,30.75,25.5,22.0,0.5685452274235034,0.22592659733156806,0.0487178385053717
0.195,1000.0174560546875,1000.0209350585938,1000.00048828125,1000.0309448242188,-0.13571952716659652,30.75,25.5,22.0,0.48584552862952224,0.26649727061288786,-0.15160282478959708
0.205,999.9907633463541,999.9909057617188,999.98046875,1000.0009155273438,-0.6079839994225118,30.75,25.5,22.0,-0.19471796647052697,0.06448823384849245,-0.6102704030980988
0.215,999.9674275716146,999.94091796875,999.970458984375,999.9909057617188,-0.39275535564123665,31.875,25.75,21.25,-0.06029354966841005,-0.11061116298076801,-0.39359800400406364
0.226,999.9640909830729,999.950927734375,999.96044921875,999.9808959960938,0.34798241076493674,31.875,25.75,21.25,-0.26637255717804065,-0.38141536396396747,0.33732352092533446
0.236,999.9607543945312,999.950927734375,999.950439453125,999.9808959960938,0.5338920701703156,31.875,25.75,21.25,-0.23682749164859107,-0.2786643047580353,0.5274253130934614
0.246,999.9874267578125,999.9608764648438,1000.00048828125,1000.0009155273438,-0.11890624297371843,31.875,25.75,21.25,-0.0784752452888946,0.36480553882461964,-0.12609289789531708
0.256,999.9974365234375,1000.0109252929688,999.990478515625,999.9909057617188,-0.5392990261802542,31.875,25.75,21.25,-0.5328385748950448,0.2931310848822104,-0.5592673930027576
0.266,999.9740804036459,999.9708862304688,999.96044921875,999.9909057617188,0.23735765454559932,31.1875,26.1875,21.6875,-0.7241792263206279,-0.10521356842131091,0.21067315061926273
0.277,999.9840901692709,999.9708862304688,999.970458984375,1000.0109252929688,0.47595633653715197,31.1875,26.1875,21.6875,0.7135792316347862,-0.02900845438888222,0.45113351179596783
0.287,999.9874267578125,999.9208984375,1000.0104370117188,1000.0309448242188,-0.057969494493393725,31.1875,26.1875,21.6875,0.0829842696278913,-0.09411214712986293,-0.058776718016945395
0.297,999.9640909830729,999.9608764648438,999.96044921875,999.970947265625,-0.0716481469514445,31.1875,26.1875,21.6875,0.0757278065836986,0.17473449085992243,-0.07351038768139162
0.307,999.9674479166666,999.94091796875,999.990478515625,999.970947265625,-0.5041306494581441,31.1875,26.1875,21.6875,-0.06514264937022496,0.4598336987920386,-0.5157268291682673
0.318,999.944091796875,999.930908203125,999.9204711914062,999.9808959960938,-0.13803019886534962,31.875,25.75,21.6875,-0.4804885366114071,0.17463627887139221,-0.15155122339266747
0.328,999.9874267578125,999.94091796875,1000.0104370117188,1000.0109252929688,0.29663642868293216,31.875,25.75,21.6875,-0.09540308844000212,-0.17021434209002262,0.294752606078184
0.339,999.9507446289062,999.9608764648438,999.950439453125,999.94091796875,0.021835848746283304,31.875,25.75,21.6875,-0.09219328908451896,-0.09475404525154785,0.020946964817213143
0.349,1000.0074259440104,999.9909057617188,1000.0104370117188,1000.0209350585938,0.002247659381023226,31.875,25.75,21.6875,0.22104722592879922,-0.12532137122389475,-0.0010430316545821938
0.359,999.9807535807291,999.94091796875,1000.0204467773438,999.9808959960938,-0.13534229031416878,31.875,25.75,21.6875,-0.31748722585846245,0.05870986444345938,-0.14073131964897634
0.369,999.9807739257812,999.94091796875,1000.00048828125,1000.0009155273438,-0.14451516192804625,31.875,25.75,21.1875,-0.34865441245427764,0.019386547081722494,-0.15082501362216583
0.38,999.9407755533854,999.950927734375,999.9104614257812,999.9609375,0.21271900566686774,31.875,25.75,21.1875,0.14547957074937967,0.1387003944499683,0.21070327679798417
0.39,999.9774373372396,999.950927734375,999.98046875,1000.0009155273438,0.16690304628973962,31.875,25.75,21.1875,0.3222678202939311,-0.162923806302941,0.1603657746548226
0.4,999.9640909830729,999.9708862304688,999.950439453125,999.970947265625,-0.019208241294828454,31.875,25.75,21.1875,-0.19369048130194377,-0.11450710938530984,-0.021794067262257855
0.411,999.9707438151041,999.9608764648438,999.96044921875,999.9909057617188,-0.3372178479492831,31.875,25.75,21.1875,-0.2792717061192973,-0.12242984065826912,-0.34212695752165345
0.421,999.9374186197916,999.90087890625,999.950439453125,999.9609375,0.022400646469142416,31.875,25.75,20.875,-0.15493817500439988,-0.22389179698507178,0.01863007228657132
0.432,999.9707641601562,999.94091796875,999.98046875,999.9909057617188,0.18777952596621006,31.875,25.75,20.875,0.423847752340186,-0.13144127464778466,0.17792629748459277
0.442,999.9974161783854,999.9909057617188,999.96044921875,1000.0408935546875,0.026951005364409752,31.875,25.75,20.875,0.1610551565545455,-0.0028771601258705815,0.025632061054169597
0.452,999.9774373372396,999.9708862304688,999.990478515625,999.970947265625,0.27016367025369803,31.875,25.75,20.875,0.14285805090081993,0.42763739682858803,0.2600753449628659
0.462,999.9574381510416,999.950927734375,999.96044921875,999.9609375,-0.2740783202896182,31.875,25.75,20.875,-0.3164439697417274,0.34901243246917657,-0.28572281915490905
0.473,999.9874267578125,999.9909057617188,999.970458984375,1000.0009155273438,-0.17001030735511335,32.1875,25.75,20.875,-0.5530767442042053,-0.03889945056466049,-0.1859678812845864
0.483,999.9674072265625,999.90087890625,1000.0104370117188,999.9909057617188,0.06915983115262492,32.1875,25.75,20.875,0.003886819921562701,-0.2756769865424413,0.06531194753772596
0.494,999.9974161783854,999.9708862304688,1000.0404663085938,999.9808959960938,-0.038516193355288664,32.1875,25.75,20.875,-0.08123879601618444,0.33470113582671557,-0.04458801733291118
0.504,999.9707641601562,999.94091796875,999.970458984375,1000.0009155273438,0.1785685076293113,32.1875,25.75,20.875,-0.07536720108000727,0.11129593366073287,0.1776640828451974
0.514,999.9507853190104,999.950927734375,999.9304809570312,999.970947265625,0.1785685076293113,32.5625,25.1875,20.875,-0.0744471882998825,0.10794770361924222,0.17770773205952572
0.524,999.9840901692709,999.9708862304688,999.990478515625,999.9909057617188,0.09479681481551694,32.5625,25.1875,20.875,0.15073911855499755,-0.04423705789869947,0.09355091588998299
0.535,999.9841105143229,999.950927734375,1000.00048828125,1000.0009155273438,0.32471220739862083,32.5625,25.1875,20.875,0.3938443883161251,0.23931028582264346,0.3142287958977903
0.545,999.9741007486979,999.9208984375,1000.00048828125,1000.0009155273438,-0.16787891134490174,32.5625,25.1875,20.875,-0.1532701349742669,0.41686089471036825,-0.17811366613612556
0.555,999.9974365234375,1000.0109252929688,999.970458984375,1000.0109252929688,-0.0328790715624212,32.5625,25.1875,20.875,0.008729211694604277,0.32387068006837794,-0.03824860975539579
0.565,999.9774169921875,999.9608764648438,999.950439453125,1000.0209350585938,0.1138800652462919,32.1875,25.1875,21.1875,0.06531514499494806,-0.29766923273532564,0.1091996909584303
0.575,999.9840901692709,999.9808959960938,999.950439453125,1000.0209350585938,-0.02109808674224567,32.1875,25.1875,21.1875,-0.37949261265641976,-0.42955433287241496,-0.037893313137077556
0.586,999.9840901692709,999.9708862304688,999.98046875,1000.0009155273438,0.08149647352954936,32.1875,25.1875,21.1875,0.08559357173877258,-0.31594811366386777,0.07607874820936011
0.596,999.9907430013021,999.9608764648438,1000.0204467773438,999.9909057617188,0.0838417240982956,32.1875,25.1875,21.1875,0.10855600728636716,0.15130561863164438,0.08208907483959393
0.606,999.9774373372396,999.950927734375,999.98046875,1000.0009155273438,-0.26465549249437537,32.1875,25.1875,21.1875,-0.02833906580981127,0.24394127987445557,-0.26781517071221117
0.616,999.9674275716146,999.94091796875,999.96044921875,1000.0009155273438,-0.14866443279546893,31.5,26.1875,21.6875,0.1496066029380283,0.2627073999560272,-0.15339564709742426
0.626,999.9874267578125,999.930908203125,1000.0204467773438,1000.0109252929688,-0.011918396240139018,31.5,26.1875,21.6875,-0.060635463968045755,-0.10412958525107596,-0.012659366750472856
0.637,999.9674275716146,999.9208984375,1000.00048828125,999.9808959960938,-0.042615763527900086,31.5,26.1875,21.6875,-0.1715349830494719,-0.3545731357346753,-0.050561057935288645
0.647,999.9707641601562,999.950927734375,999.96044921875,1000.0009155273438,-0.11411434002897813,31.5,26.1875,21.6875,-0.07661524844894263,-0.03914422441357779,-0.11449606443111016
0.657,999.9574381510416,999.94091796875,999.970458984375,999.9609375,0.02177508626848379,31.5,26.1875,21.6875,0.12878042111012,0.1238125866571913,0.020151951699098447
0.667,999.9674275716146,999.9208984375,1000.0304565429688,999.950927734375,-0.2063861757772525,32.1875,26.1875,20.875,-0.10978023766661504,0.4495276003436586,-0.21754089293316703
0.677,999.9807739257812,999.950927734375,1000.0204467773438,999.970947265625,0.07851875753283366,32.1875,26.1875,20.875,0.12706916072914565,0.3225071926241019,0.07244128528857097
0.688,999.9541015625,999.94091796875,999.96044921875,999.9609375,0.07913520283584319,32.1875,26.1875,20.875,-0.13623288940623945,-0.09459856280690948,0.07774427115335492
0.698,999.9807535807291,999.9808959960938,999.96044921875,1000.0009155273438,-0.34956654763410455,32.1875,26.1875,20.875,-0.5458660390978674,-0.39580098338583714,-0.3736250098062506
0.708,999.9507649739584,999.930908203125,999.96044921875,999.9609375,0.288821394618763,32.1875,26.1875,20.875,-0.11870402053598195,-0.1333514670535645,0.28724320308037754
0.719,999.9874267578125,1000.0009155273438,999.950439453125,1000.0109252929688,0.3104846219315984,31.875,25.1875,21.0,0.29469518392463456,0.5514716494196961,0.29115056571338727
0.729,999.9807739257812,999.94091796875,999.98046875,1000.0209350585938,-0.4440935717338199,31.875,25.1875,21.0,-0.22418803965679013,0.09640586407896823,-0.4472734283605302
0.74,999.9541015625,999.9608764648438,999.9404907226562,999.9609375,0.18346773134719996,31.875,25.1875,21.0,0.17970524751389005,0.3934559914935418,0.1741021481278704
0.75,999.9707641601562,999.9808959960938,999.970458984375,999.9609375,-0.5980784411461357,31.875,25.1875,21.0,-0.28300327484710097,0.01249728036879727,-0.602435079192448
0.76,999.9574178059896,999.90087890625,999.98046875,999.9909057617188,-0.24864553453997118,31.875,25.1875,21.0,-0.41219904233850446,-0.39022996119610065,-0.2655088275459896
0.77,999.9807739257812,999.950927734375,1000.0204467773438,999.970947265625,0.41778054533521036,32.5625,27.0,20.875,-0.23797845125614137,-0.28663256391339775,0.4109932449630129
0.781,999.9607747395834,999.94091796875,999.9404907226562,1000.0009155273438,-0.13421054060987458,32.5625,27.0,20.875,-0.25768685753576914,-0.24408038899170093,-0.14072267904120572
0.791,999.9540812174479,999.930908203125,999.950439453125,999.9808959960938,0.09691677451223057,32.5625,27.0,20.875,0.29301251877164125,0.13715457171487655,0.09163280799750773
0.801,999.964111328125,999.9909057617188,999.9404907226562,999.9609375,0.2575768663774678,32.5625,27.0,20.875,0.4527156563333623,0.40945718249358354,0.23905454809723814
0.812,999.9307657877604,999.90087890625,999.9204711914062,999.970947265625,-0.4687741084584065,32.5625,27.0,20.875,-0.3090235206742973,0.0630441998285649,-0.47409988006806714
0.822,999.9707438151041,999.9608764648438,999.950439453125,1000.0009155273438,0.07438643209234996,32.1875,25.5,21.25,-0.18788466569674167,-0.06231467366454391,0.07240412919717976
0.833,999.964111328125,999.94091796875,1000.00048828125,999.950927734375,0.38361058169883044,32.1875,25.5,21.25,-0.24871385880449726,-0.2759496640253585,0.3768390529489185
0.864,999.9274291992188,999.9208984375,999.9204711914062,999.94091796875,0.23568102737740126,32.1875,25.5,21.25,-0.02915505822448683,-0.16756273666545018,0.2342411368739743
0.874,999.9874267578125,999.9808959960938,999.98046875,1000.0009155273438,-0.4354493754805304,30.75,26.5625,21.25,-0.5764219520167928,-0.025452193472261353,-0.45322227843586127
0.884,999.9674275716146,999.950927734375,999.950439453125,1000.0009155273438,0.26256684672845054,30.75,26.5625,21.25,-0.21979016936392748,-0.2588245178847455,0.25684185989855735
0.894,999.9774373372396,999.94091796875,1000.0204467773438,999.970947265625,0.26863094656459907,30.75,26.5625,21.25,0.27349836268107897,-0.05029288395506448,0.2647938454582732
0.904,999.9441121419271,999.950927734375,999.9204711914062,999.9609375,-0.08420924962198129,30.75,26.5625,21.25,0.1739648781338663,0.03977492327558396,-0.0858465717167487
0.915,1000.0007731119791,999.9909057617188,999.990478515625,1000.0209350585938,-0.2801833982291875,31.1875,25.75,21.6875,-0.02222655707115484,0.15248803434904756,-0.28142939140777123
0.925,999.9541015625,999.9208984375,999.98046875,999.9609375,-0.5393258231096638,31.1875,25.75,21.6875,-0.12653709840234262,0.31631166031190405,-0.5455877147905408
0.935,999.9774169921875,999.9708862304688,999.98046875,999.9808959960938,0.04390785284414456,31.1875,25.75,21.6875,-0.36881978885071387,-0.061799450970806635,0.03680926816170782
0.945,999.9840901692709,999.9808959960938,999.98046875,999.9909057617188,0.4196477006004393,31.1875,25.75,21.6875,-0.161154676146813,-0.18396594877172,0.4167237069575904
0.956,999.9941202799479,1000.0209350585938,999.990478515625,999.970947265625,0.05970119658838158,31.1875,25.75,21.6875,0.12686162017262648,-0.1871570705482526,0.057111029587591844
0.966,1000.0274251302084,1000.0308837890625,1000.0604858398438,999.9909057617188,-0.11609972763202592,32.1875,25.75,21.6875,0.16242832330615675,0.000669742713004684,-0.11746064842404103
0.976,1000.0274251302084,1000.0109252929688,1000.0304565429688,1000.0408935546875,-0.22709853129788016,32.1875,25.75,21.6875,-0.21846448660840112,0.2209293219717945,-0.23213676952749296
0.986,1000.0340983072916,1000.0109252929688,1000.0204467773438,1000.0709228515625,0.2358200892948279,32.1875,25.75,21.6875,-0.397625880022205,0.09623609601812788,0.22748641542489523
0.996,1000.0507405598959,1000.0308837890625,1000.0204467773438,1000.1008911132812,0.002975870146903148,32.1875,25.75,21.6875,-0.36186829226169825,-0.2711469721223527,-0.0074479809260967755
1.007,1000.0340983072916,1000.0209350585938,1000.0404663085938,1000.0408935546875,-0.3077579813717257,32.1875,25.75,21.6875,-0.030347064410479074,-0.3562656669669533,-0.3144875224763677
1.017,1000.0007731119791,999.9808959960938,1000.00048828125,1000.0209350585938,0.08481675776844,31.875,25.75,20.1875,0.25809634714882623,0.21037026042299356,0.07921277447973374
1.027,999.9940999348959,999.950927734375,999.990478515625,1000.0408935546875,-0.4160391805197694,31.875,25.75,20.1875,-0.17370881317552866,0.4055915572946902,-0.426406838806038
1.037,1000.0007527669271,1000.0009155273438,999.96044921875,1000.0408935546875,0.091287433065661,31.875,25.75,20.1875,-0.17587294397321784,0.4225794420943316,0.08070210626532948
1.047,1000.0140991210938,999.9808959960938,1000.00048828125,1000.0609130859375,0.18857967105253692,31.875,25.75,20.1875,0.2677770104778512,-0.21664052547698098,0.1826451850231141
1.058,1000.0041097005209,999.9808959960938,1000.00048828125,1000.0309448242188,-0.2945706366444263,31.875,25.75,20.1875,-0.2838343799254459,-0.4980395344547017,-0.31185330520201227
1.068,1000.0140787760416,999.9608764648438,1000.0304565429688,1000.0509033203125,-0.10559385875520277,31.5,25.5,20.1875,0.04829730257588061,-0.16113214742796522,-0.10705187296876773
1.079,999.9707641601562,999.9608764648438,999.9404907226562,1000.0109252929688,0.10540731014725147,31.5,25.5,20.1875,-0.3933595218328838,0.2168886017237197,0.09522739502467203
1.089,999.9707641601562,999.9608764648438,999.98046875,999.970947265625,-0.03588635562149456,31.5,25.5,20.1875,-0.03125491335099895,0.15391763294673488,-0.03714831659225837
1.099,999.9774373372396,999.9808959960938,1000.00048828125,999.950927734375,-0.027474965225771086,31.5,25.5,20.1875,0.2909669194821731,0.10020251743863362,-0.03231654412710405
1.109,999.9574178059896,999.9608764648438,999.950439453125,999.9609375,-0.03147781564297247,31.5,25.5,20.1875,-0.006710810848638005,0.18901215565438356,-0.03330702742511349
1.12,999.9741007486979,999.930908203125,1000.0204467773438,999.970947265625,-0.1343966719401486,31.875,25.5,20.1875,-0.42580954188255893,0.30669182060423283,-0.14863746031756087
1.13,999.9907633463541,999.9808959960938,999.96044921875,1000.0309448242188,0.007224743206728945,31.875,25.5,20.1875,-0.28937650646189406,-0.08028376611923127,0.0026305042550163193
1.14,999.9640909830729,999.930908203125,999.98046875,999.9808959960938,-0.030649319772416916,31.875,25.5,20.1875,-0.12343228581252896,-0.17483595256312823,-0.03299142951290435
1.151,1000.0041097005209,999.9909057617188,1000.00048828125,1000.0209350585938,0.0847664797128651,31.875,25.5,20.1875,0.031136705218747007,-0.47639185914851945,0.07324263539929987
1.161,999.9874267578125,1000.0009155273438,999.98046875,999.9808959960938,-0.08170643753426532,31.875,25.5,20.1875,0.08345320490647978,0.005730840877081533,-0.0820660797080901
1.171,1000.0007731119791,999.950927734375,999.990478515625,1000.0609130859375,-0.2889705737696602,31.875,25.75,21.25,-0.006601887890555158,0.4029172581604339,-0.29750214542485054
1.182,999.9807739257812,1000.0109252929688,999.970458984375,999.9609375,-0.10768570949174361,31.875,25.75,21.25,-0.29575527347565567,0.4546100062900629,-0.12285588255274149
1.192,999.9507649739584,999.9208984375,999.9404907226562,999.9909057617188,-0.13812850792475473,31.875,25.75,21.25,-0.19044262096919962,0.11835406446951113,-0.14072794452655124
1.202,1000.0074462890625,999.9909057617188,1000.00048828125,1000.0309448242188,0.03857347952116896,31.875,25.75,21.25,0.3594068403887558,-0.41372624936505,0.0233136274195882
1.213,999.9774169921875,999.9708862304688,999.970458984375,999.9909057617188,0.041730849514591384,31.875,25.75,21.25,0.11618960118753385,-0.5012268616854376,0.02828604691784342
1.223,999.9640909830729,999.910888671875,999.9404907226562,1000.0408935546875,-0.15475274900906832,32.5625,26.1875,21.25,-0.1618969783386035,-0.10017842549818567,-0.15662995999648288
1.234,999.9941202799479,999.950927734375,1000.00048828125,1000.0309448242188,0.008340289818679736,32.5625,26.1875,21.25,-0.033665780282157165,0.4138684311950245,-0.00044416991396545313
1.244,999.9807739257812,999.94091796875,999.98046875,1000.0209350585938,-0.02877316279122155,32.5625,26.1875,21.25,0.1842168518435776,0.09570578420931186,-0.030976378221650336
1.254,999.9574178059896,999.9208984375,999.970458984375,999.9808959960938,-0.5648715105212272,32.5625,26.1875,21.25,0.17184617802481883,-0.18628770521573612,-0.5683461128997163
1.264,999.9741007486979,999.9608764648438,999.990478515625,999.970947265625,0.11102317773783632,31.1875,25.75,20.5625,-0.26686982244716084,-0.42772588935169065,0.09820528424076969
1.275,1000.0040893554688,999.9808959960938,1000.0404663085938,999.9909057617188,0.5130908424739484,31.1875,25.75,20.5625,-0.31390102609241444,-0.42832924271909745,0.49942310450101424
1.285,999.9774169921875,999.9208984375,1000.0104370117188,1000.0009155273438,0.4967502671711159,31.1875,25.75,20.5625,0.034977985222654606,-0.1835203154303202,0.4950569093142807
1.295,999.9874267578125,1000.0009155273438,999.98046875,999.9808959960938,-0.2555771762579724,31.1875,25.75,20.5625,0.39479834234915323,0.18572938373564396,-0.26554431307169324
1.305,999.9940999348959,999.9909057617188,999.990478515625,1000.0009155273438,-0.3781337475793549,31.1875,25.75,20.5625,-0.3775554228360667,0.00975300362003928,-0.3856985518735154
1.315,999.9840901692709,999.90087890625,1000.0204467773438,1000.0309448242188,-0.1196028058583849,32.5625,25.1875,21.0,-0.18372913362424947,0.03701462089780261,-0.1214154127898972
1.326,999.9874267578125,1000.0009155273438,999.96044921875,1000.0009155273438,-0.2481016694856013,32.5625,25.1875,21.0,-0.20076908368287238,0.12055469817671538,-0.2509698178696649
1.336,999.9541015625,999.930908203125,999.9204711914062,1000.0109252929688,-0.29215867404334794,32.5625,25.1875,21.0,-0.004612236434021533,-0.06158777180735653,-0.29235905385545813
1.346,999.9640909830729,999.910888671875,1000.0104370117188,999.970947265625,-0.03688415867843098,32.5625,25.1875,21.0,0.29797233578017757,0.3196986112511322,-0.04666048255186617
1.356,999.9541015625,999.950927734375,999.9304809570312,999.9808959960938,-0.21731541039471836,32.5625,25.1875,21.0,-0.13577538162824343,0.15214559093853675,-0.21948310045009478
1.366,999.944091796875,999.94091796875,999.9104614257812,999.9808959960938,0.18838487336392085,30.75,27.6875,20.5625,-0.13424223227857413,-0.15145309095475357,0.18633638190640234
1.377,999.9441121419271,999.9208984375,999.9404907226562,999.970947265625,0.17573488565507667,30.75,27.6875,20.5625,-0.4210892571057019,-0.6818219212863328,0.14352720957713494
1.387,999.9541015625,999.9208984375,999.9404907226562,1000.0009155273438,0.4813312770284792,30.75,27.6875,20.5625,-0.22334045503557842,-0.7522408522782245,0.45137184760658045
1.397,999.9607543945312,999.9208984375,999.98046875,999.9808959960938,0.10931945760234285,30.75,27.6875,20.5625,0.07088790068602036,-0.771004138967895,0.07905587127502933
1.407,999.9407552083334,999.9208984375,999.9204711914062,999.9808959960938,-1.3669849116401327,30.75,27.6875,20.5625,-0.7135059629993452,-1.1573480221591637,-1.4771758341699641
1.418,999.9574178059896,999.930908203125,999.96044921875,999.9808959960938,-0.6333176255744473,30.75,28.0,20.1875,-0.45393500153511823,-0.6647177662932751,-0.6686875829207093
1.428,999.9407552083334,999.930908203125,999.950439453125,999.94091796875,-0.24579068752493427,30.75,28.0,20.1875,-0.1842463980274207,-0.4580491182839004,-0.25854230795696687
1.438,999.9740804036459,999.9608764648438,999.970458984375,999.9909057617188,-0.6203971813716613,30.75,28.0,20.1875,-0.030431132935650584,-0.5393166897247608,-0.6362869339359367
1.449,999.944091796875,999.9608764648438,999.9104614257812,999.9609375,0.4530891316730674,30.75,28.0,20.1875,-0.14180137109125157,-0.8258117139935361,0.41882817867489486
1.459,999.9740804036459,999.9608764648438,999.950439453125,1000.0109252929688,0.7776767254596813,30.75,28.0,20.1875,0.02093309959744616,-0.7925377185053395,0.7479517053701397
1.469,999.9874267578125,999.9708862304688,1000.00048828125,999.9909057617188,0.5196561887696713,30.75,29.0625,17.875,-0.0806627699994733,-0.8663152135594601,0.4829484816780756
1.479,999.9907633463541,1000.0009155273438,999.98046875,999.9909057617188,0.27714523788273837,30.75,29.0625,17.875,-0.07038162071484422,-0.37066736958880586,0.27008686364994006
1.49,1000.03076171875,1000.0209350585938,1000.0304565429688,1000.0408935546875,-0.5703194058754644,30.75,29.0625,17.875,0.5019073284167237,0.35917998071743096,-0.5909557839993553
1.5,999.9974161783854,999.9608764648438,1000.0204467773438,1000.0109252929688,-0.7258929343248663,30.75,29.0625,17.875,1.097414286493804,0.22105586394517873,-0.7951335356832026
1.51,999.9741007486979,999.950927734375,999.98046875,999.9909057617188,-0.9103480753653077,30.75,29.0625,17.875,1.4252636795993805,0.16386500630254464,-1.0267445623517073
1.521,999.9707641601562,999.94091796875,999.990478515625,999.9808959960938,-1.1758524962444774,31.1875,29.75,16.375,1.6116048203199775,0.20521304486358538,-1.3300754351263855
1.531,999.9540812174479,999.9608764648438,999.9104614257812,999.9909057617188,-1.48151272135385,31.1875,29.75,16.375,0.9140909530588792,0.11331636963020042,-1.5326032183735148
1.542,999.9507649739584,999.930908203125,999.9404907226562,999.9808959960938,-1.4585631782131916,31.1875,29.75,16.375,0.15351842795259207,-0.028733902762281716,-1.4600237459375034
1.552,999.9341023763021,999.90087890625,999.9304809570312,999.970947265625,-0.5697350156166614,31.1875,29.75,16.375,0.0729104896737569,-0.18737818938237805,-0.5719227944198195
1.562,999.944091796875,999.930908203125,999.98046875,999.9208984375,0.46853607043252943,31.1875,29.75,16.375,-0.878397656372909,-0.28027644686327857,0.42709755847793396
1.572,999.9107666015625,999.8909301757812,999.9204711914062,999.9208984375,0.32901882566327245,31.5,29.75,16.75,-1.480454800528499,-0.030627952696935523,0.22030499333195586
1.583,999.9040934244791,999.8709106445312,999.9104614257812,999.930908203125,0.7073050617861458,31.5,29.75,16.75,-1.4195912324711042,0.21922496057705976,0.6087526562455476
1.593,999.9240926106771,999.910888671875,999.9304809570312,999.930908203125,0.6676955106858031,31.5,29.75,16.75,-1.7010373968960253,0.3592640205731721,0.5224490975048202
1.603,999.9007568359375,999.8508911132812,999.9204711914062,999.930908203125,1.106725780620149,31.5,29.75,16.75,-1.7331520514150398,0.9727310667194544,0.9242852583565746
1.614,999.9141031901041,999.8609008789062,999.98046875,999.9009399414062,2.0036233519531486,32.5625,30.875,14.5625,-1.3075789476808266,1.1966662066413423,1.8698940058237365
1.624,999.9174397786459,999.8909301757812,999.9404907226562,999.9208984375,2.8381066793927463,32.5625,30.875,14.5625,-0.8545031772694607,1.470576966894929,2.7232290443354596
1.634,999.8907470703125,999.8508911132812,999.9004516601562,999.9208984375,2.322617255476887,32.5625,30.875,14.5625,-0.7534207310934864,1.62343365164039,2.1898842431323313
1.644,999.9107869466146,999.8909301757812,999.9404907226562,999.9009399414062,2.6119284436766534,32.5625,30.875,14.5625,-0.6473527351355939,1.490966770867176,2.505123173736651
1.655,999.8974405924479,999.8909301757812,999.9004516601562,999.9009399414062,2.441191698645353,32.5625,30.875,14.5625,-0.740139976568412,1.3526032792872433,2.343779462410181
1.665,999.8940836588541,999.8709106445312,999.8904418945312,999.9208984375,2.1919035803143707,33.6875,31.375,8.5625,-1.3316586635924033,0.8770211481841388,2.0855121226654187
1.675,999.9074503580729,999.8809204101562,999.8804931640625,999.9609375,2.0436318745852464,33.6875,31.375,8.5625,-2.0446691023552277,0.7246854037203776,1.8434436088948338
1.685,999.9207560221354,999.9208984375,999.9104614257812,999.930908203125,1.7491089194623228,33.6875,31.375,8.5625,-2.077785778935327,0.37429314231971356,1.5546693710138353
1.696,999.9374186197916,999.90087890625,999.98046875,999.930908203125,1.1041239779751297,33.6875,31.375,8.5625,-1.8162816005316906,0.004972665404988419,0.9519328480891627
1.712,999.9640909830729,999.90087890625,999.98046875,1000.0109252929688,0.9607659824432417,33.6875,31.375,8.5625,-0.5447742170091607,-0.5084064780556106,0.9349589926676636
1.723,999.9540812174479,999.90087890625,999.98046875,999.9808959960938,-0.2744089423100693,35.1875,31.1875,8.375,0.35250993208836245,-0.15739951042143163,-0.28222696736565034
1.733,999.9741007486979,999.950927734375,999.970458984375,1000.0009155273438,-1.8231046946719696,35.1875,31.1875,8.375,0.933375149110037,0.586160090739505,-1.8995181058724997
1.744,999.9107666015625,999.8909301757812,999.9104614257812,999.930908203125,-1.655424708544695,35.1875,31.1875,8.375,0.1902024597452021,0.6475538815999515,-1.6834019923005226
1.754,999.9007568359375,999.8609008789062,999.9304809570312,999.910888671875,0.37171373463105617,35.1875,31.1875,8.375,0.39940843494612155,-0.538490953784291,0.3496158868709731
1.764,999.9174397786459,999.8909301757812,999.9304809570312,999.930908203125,0.725715537663497,36.5625,29.875,10.25,-0.2615197890714742,-0.6391456344211992,0.7030586485802655
1.775,999.9507649739584,999.9208984375,999.970458984375,999.9609375,0.8800422414617763,36.5625,29.875,10.25,-1.4998007454300888,-0.5928332339292401,0.7576936748277046
1.785,999.9507649739584,999.9208984375,999.970458984375,999.9609375,1.0693012194417175,36.5625,29.875,10.25,-1.4221718197840363,-0.29673511077483994,0.9718630399570376
1.795,999.944091796875,999.9208984375,999.950439453125,999.9609375,0.7347287476056241,36.5625,29.875,10.25,-1.0956255865413742,-0.08317534935880655,0.6773252450734741
1.805,999.9507649739584,999.9608764648438,999.9404907226562,999.950927734375,0.5440377700202266,36.5625,29.875,10.25,-0.2695731903583063,0.22996067077526927,0.5379730637425819
1.816,999.9341023763021,999.90087890625,999.9404907226562,999.9609375,0.08668638500006765,38.375,30.0,6.1875,0.4361458931625828,0.19367359463851708,0.07517418671329956
1.826,999.9007568359375,999.8809204101562,999.9104614257812,999.910888671875,-0.2523331128620665,38.375,30.0,6.1875,-0.6298826943395492,0.2887318538861732,-0.27748312178698953
1.836,999.9374389648438,999.8909301757812,999.950439453125,999.970947265625,0.49111658108741096,38.375,30.0,6.1875,-0.6178717727038907,0.9099426391009646,0.4322283553529349
1.846,999.9241129557291,999.8809204101562,999.9204711914062,999.970947265625,0.06384910417856027,38.375,30.0,6.1875,-0.9813837986740701,1.2956145497217855,-0.07084372697834773
1.856,999.8974202473959,999.8408813476562,999.9204711914062,999.930908203125,1.0354368943166214,38.375,30.0,6.1875,-0.6321147863585455,1.4278754191518033,0.9224323483939614
1.867,999.9174397786459,999.9208984375,999.9304809570312,999.9009399414062,1.4716355169558213,40.5,27.5,2.1875,-0.6098206546519243,1.952130478260095,1.2847106903446086
1.877,999.9474080403646,999.910888671875,999.950439453125,999.9808959960938,1.3392149891371563,40.5,27.5,2.1875,-0.8823229689841257,2.205585176407388,1.083204077865048
1.887,999.9107666015625,999.8709106445312,999.8704833984375,999.9909057617188,1.0818592777533844,40.5,27.5,2.1875,-0.905819546098968,1.851546923258819,0.8850391989584736
1.897,999.9174194335938,999.9608764648438,999.9004516601562,999.8909301757812,1.032775981118272,40.5,27.5,2.1875,-0.9630808860378974,1.5054086331797913,0.8844850755336289
1.907,999.9207560221354,999.90087890625,999.9304809570312,999.930908203125,0.6732106153667061,40.5,27.5,2.1875,-1.3829372834575202,1.1960859027500712,0.5125271997414895
1.918,999.9274495442709,999.8909301757812,999.9304809570312,999.9609375,2.3205609337660142,42.25,26.75,-2.1875,-0.17898895723158237,1.266248548367733,2.252963406010812
1.928,999.9541015625,999.910888671875,999.9404907226562,1000.0109252929688,0.3506349952950405,42.25,26.75,-2.1875,-0.8878757325847784,0.8650672921209863,0.27473295487807015
1.938,1000.0007731119791,1000.0809326171875,999.950439453125,999.970947265625,0.8893365317918356,42.25,26.75,-2.1875,0.29047964414416905,1.1156849091971832,0.8270423981604456
1.949,1000.0007527669271,999.9909057617188,1000.0304565429688,999.9808959960938,0.6395359083730838,42.25,26.75,-2.1875,2.102813625757654,-0.8213740333100024,0.39276042319481697
1.959,1000.0040893554688,999.9608764648438,999.98046875,1000.0709228515625,-3.0053691122174184,42.25,26.75,-2.1875,-3.6734191744524614,-0.8868864539121992,-4.151163944272921
1.969,1000.0607706705729,1000.0109252929688,1000.0804443359375,1000.0909423828125,-3.017018453308892,40.5,28.6875,-2.875,-2.9336390139814257,-1.3145662739324373,-3.825831223906582
1.98,1000.0074462890625,999.9909057617188,1000.00048828125,1000.0309448242188,0.5293859263682137,40.5,28.6875,-2.875,-0.33572725806308656,-1.0395829882323566,0.47151038287431923
1.99,999.9907430013021,999.9208984375,1000.0104370117188,1000.0408935546875,-2.386974833820064,40.5,28.6875,-2.875,0.32421672163088033,-2.119461878388355,-2.7033786170069476
2.0,999.9840901692709,999.9608764648438,1000.0204467773438,999.970947265625,-2.686840787519378,40.5,28.6875,-2.875,-1.3368036242494359,-1.4394255617804763,-2.9630731500450453
2.011,999.9474283854166,999.94091796875,999.950439453125,999.950927734375,4.3654085546750885,40.5,28.6875,-2.875,1.6457836056262898,-0.8669376753931495,4.2428297179746455
2.021,999.9974365234375,1000.0109252929688,999.98046875,1000.0009155273438,-2.859287629952325,37.875,32.0,-3.875,-0.5978964986804407,-1.853675910034089,-3.137758409008354
2.031,999.9774576822916,1000.0209350585938,999.9404907226562,999.970947265625,-2.0800903319853674,37.875,32.0,-3.875,-0.37533169585054404,-1.3895363529765437,-2.215276942671794
2.042,999.9840901692709,999.9808959960938,999.970458984375,1000.0009155273438,-0.9463890825541696,37.875,32.0,-3.875,2.1131724564576153,-1.8100940620404964,-1.3944394035988577
2.052,999.9607747395834,999.950927734375,999.970458984375,999.9609375,-0.21524095824915257,37.875,32.0,-3.875,1.3547149087855093,-1.0097418623726298,-0.36518290507719087
2.062,999.9774373372396,999.9608764648438,1000.00048828125,999.970947265625,-2.1404365342175513,37.875,32.0,-3.875,-0.1043812688784791,-1.2724793358626414,-2.2474538251872627
2.073,999.9774169921875,999.94091796875,1000.0104370117188,999.9808959960938,0.04479055958210054,35.0625,34.875,-9.875,2.1860993222666645,-0.5803970443862663,-0.21828451228449808
2.083,999.9307861328125,999.950927734375,999.9404907226562,999.9009399414062,-1.272875405183111,35.0625,34.875,-9.875,1.4508805732649108,-0.4567464556435179,-1.4094747435171069
2.094,999.9907633463541,1000.0109252929688,999.96044921875,1000.0009155273438,-1.4538703736763114,35.0625,34.875,-9.875,0.5885987517789004,-0.21444049452574632,-1.47738521737406
2.104,999.9507649739584,999.930908203125,999.950439453125,999.970947265625,-0.7068412724028565,35.0625,34.875,-9.875,0.3240827099678065,0.10845876901492368,-0.7132585003006859
2.114,999.9074096679688,999.90087890625,999.9004516601562,999.9208984375,-2.540942363095316,33.375,36.5625,-15.0625,1.2454867452694294,-0.32939481652580826,-2.6560178396332015
2.124,999.9840901692709,1000.0009155273438,999.950439453125,1000.0009155273438,-1.4227595242828368,33.375,36.5625,-15.0625,-0.3866776551305578,0.020814430627743907,-1.4317036368955876
2.135,999.9541015625,999.94091796875,999.950439453125,999.970947265625,-0.35503844145929264,33.375,36.5625,-15.0625,0.03096143983438393,0.0980314832893151,-0.3555973593774855
2.145,999.9374186197916,999.930908203125,999.950439453125,999.930908203125,0.7543076418862213,33.375,36.5625,-15.0625,1.4976810836668408,-0.696037471063924,0.6244180078678596
2.155,999.9407755533854,999.9208984375,999.9304809570312,999.970947265625,0.008177483433142285,33.375,36.5625,-15.0625,1.535832383794144,-0.12827049318616945,-0.11353803360934656
2.165,999.9507649739584,999.94091796875,999.950439453125,999.9609375,0.5511873959944076,30.0,36.75,-20.75,2.0644040500454075,-0.24758664079014803,0.3404256574969171
2.175,999.9374186197916,999.910888671875,999.970458984375,999.930908203125,0.401140918067334,30.0,36.75,-20.75,2.106375434410717,-0.6841157950811142,0.15807739520819375
2.186,999.9474283854166,999.9608764648438,999.9304809570312,999.950927734375,0.02229897529013236,30.0,36.75,-20.75,2.1193131623845356,-0.6161699117839793,-0.22861442697105439
2.196,999.9407755533854,999.94091796875,999.9304809570312,999.950927734375,0.0829522841496626,30.0,36.75,-20.75,2.3570110235688935,-0.6059492473524102,-0.22105691742464373
2.206,999.9640909830729,999.9708862304688,999.990478515625,999.930908203125,0.0996416688452122,30.0,36.75,-20.75,2.4288465582552847,-0.6067513604687801,-0.2218012542535348
2.216,999.944091796875,999.94091796875,999.950439453125,999.94091796875,-0.4332574100457034,24.75,37.5625,-23.75,2.3525413815800764,-0.7283944303070273,-0.7624427495531254
2.227,999.9307657877604,999.90087890625,999.9404907226562,999.950927734375,-0.21590306280986127,24.75,37.5625,-23.75,1.7633867491830393,-0.5016216117445337,-0.39270001690305456
2.237,999.9341023763021,999.9208984375,999.9304809570312,999.950927734375,-0.12041242662268914,24.75,37.5625,-23.75,1.2964893065141943,-0.16393102649023827,-0.20894019189567814
2.247,999.9274291992188,999.90087890625,999.990478515625,999.8909301757812,0.202896973978147,24.75,37.5625,-23.75,0.8566819548168544,-0.31904982283739425,0.1610786302355134
2.257,999.9374186197916,999.9208984375,999.96044921875,999.930908203125,-0.12732970075021655,24.75,37.5625,-23.75,-0.3294011440721749,0.22954500685909607,-0.13565722645285483
2.267,999.9240926106771,999.90087890625,999.9404907226562,999.930908203125,-0.03833647951130992,23.0625,36.25,-27.5,-0.2347987066498409,-0.4256035522383379,-0.050433455253910964
2.278,999.9240926106771,999.94091796875,999.9104614257812,999.9208984375,-0.13424175871903898,23.0625,36.25,-27.5,-0.16435257828822372,-0.5863672223186249,-0.1534240408767662
2.288,999.9141031901041,999.94091796875,999.9004516601562,999.9009399414062,-0.08455927058800405,23.0625,36.25,-27.5,-0.0562868949194726,-0.07036621282137001,-0.0849767217317563
2.298,999.9341023763021,999.910888671875,999.9204711914062,999.970947265625,-0.1590106954656516,23.0625,36.25,-27.5,-0.008476009329598605,-0.06473503012046944,-0.1592315285580721
2.308,999.9341023763021,999.930908203125,999.9404907226562,999.930908203125,-0.26027720879646843,23.0625,36.25,-27.5,0.15882668342321535,-0.24674444925172834,-0.2647867153096879
2.319,999.9307657877604,999.90087890625,999.9304809570312,999.9609375,-0.23953534224910733,20.75,35.5625,-28.75,0.3029936610655434,-0.49942562945084035,-0.25737927858220466
2.329,999.9341023763021,999.8909301757812,999.96044921875,999.950927734375,-0.44606367857503315,20.75,35.5625,-28.75,0.6086297294850571,-0.9561491697651558,-0.51491247759086
2.34,999.9341023763021,999.8809204101562,999.9404907226562,999.9808959960938,-0.31315285285898575,20.75,35.5625,-28.75,0.3954178653659872,-1.2470093757898526,-0.4036873290006966
2.35,999.9374389648438,999.94091796875,999.9104614257812,999.9609375,-0.3188195038879389,20.75,35.5625,-28.75,0.271939969321342,-1.3722362167176883,-0.42248043259606227
2.36,999.9007568359375,999.8909301757812,999.9004516601562,999.910888671875,-0.2034342075052038,20.75,35.5625,-28.75,0.0735355812180978,-1.2670886226281042,-0.28764812316660304
2.371,999.9774169921875,999.9208984375,1000.0304565429688,999.9808959960938,-0.46937871883666027,18.1875,34.5625,-30.375,-0.28806023335016573,-0.6434092726235574,-0.4960184814449118
2.381,999.8940836588541,999.8609008789062,999.8904418945312,999.930908203125,-0.7618065016189721,18.1875,34.5625,-30.375,-0.3373587048652289,-0.5117343357934436,-0.7825904791038525
2.391,999.9507446289062,999.9608764648438,999.970458984375,999.9208984375,-1.0627664983962077,18.1875,34.5625,-30.375,-0.2646592594264543,-0.32384958032105704,-1.072770985186125
2.402,999.944091796875,999.930908203125,999.96044921875,999.94091796875,-1.587725412678397,18.1875,34.5625,-30.375,-0.01949889270642559,0.7695471297956411,-1.6238399479657648
2.412,999.944091796875,999.930908203125,999.950439453125,999.950927734375,1.843454431617312,18.1875,34.5625,-30.375,-4.231511808013813,5.154278744668507,-0.2532893404331169
2.422,999.9307657877604,999.8809204101562,999.950439453125,999.9609375,-1.312406307357083,17.1875,34.875,-30.375,1.0475629772391808,1.1720810797274688,-1.4590757208254264
2.433,999.9707641601562,1000.0009155273438,999.950439453125,999.9609375,-1.0671284329945614,17.1875,34.875,-30.375,1.382416308648836,-1.3161659024566186,-1.2780344759285143
2.443,999.9374389648438,999.930908203125,999.9204711914062,999.9609375,0.6583190449754532,17.1875,34.875,-30.375,3.4844622880208074,4.002965347292966,-0.7866694275822788
2.453,999.9407755533854,999.930908203125,999.9204711914062,999.970947265625,2.577816165157442,17.1875,34.875,-30.375,7.303360395567917,3.216332506129753,-0.335079341535403
2.464,999.9874267578125,999.9708862304688,999.970458984375,1000.0209350585938,-1.4372345687554162,17.1875,34.875,-30.375,1.9305927137106518,-0.8737350982446157,-1.7098395251385838
2.474,999.9540812174479,999.9708862304688,999.950439453125,999.94091796875,-1.3352670304047436,15.25,34.6875,-30.0,1.003548318570007,-1.013407698410274,-1.4561389456705154
2.484,999.9307657877604,999.9208984375,999.9304809570312,999.94091796875,-3.6470300394074906,15.25,34.6875,-30.0,2.687237638434703,-0.14628040817903315,-4.265673652108086
2.495,999.9441121419271,999.8909301757812,999.990478515625,999.950927734375,-1.672426714639716,15.25,34.6875,-30.0,0.9301325478904681,0.4125808950603219,-1.7362939474492016
2.505,999.9074096679688,999.90087890625,999.9104614257812,999.910888671875,-0.5303177867518425,15.25,34.6875,-30.0,0.19122185518721557,0.738270298835335,-0.5617086363571708
2.515,999.8941040039062,999.8609008789062,999.9204711914062,999.9009399414062,-0.13419519253804602,14.375,37.0,-28.0625,-0.23825576263133896,0.4745394563552946,-0.14877620753773968
2.525,999.9474487304688,999.94091796875,999.9404907226562,999.9609375,0.18498332331136602,14.375,37.0,-28.0625,-0.6354869457277551,0.4360324604597726,0.15522572090102393
2.535,999.9407552083334,999.94091796875,999.96044921875,999.9208984375,0.3639963783029838,14.375,37.0,-28.0625,-0.7635320760326667,0.4308907944037695,0.3261508571000231
2.546,999.9274291992188,999.9208984375,999.9104614257812,999.950927734375,0.8668583025771337,14.375,37.0,-28.0625,-0.5789489745024177,0.11349356426020107,0.85054597612638
2.562,999.9407552083334,999.9208984375,999.950439453125,999.950927734375,1.2089561980682753,14.375,37.0,-28.0625,-0.449574743160007,0.48406790622252815,1.1891343526399965
2.572,999.9341023763021,999.9208984375,999.9304809570312,999.950927734375,1.4761510738567392,17.0,38.5625,-26.1875,-0.2382201488892413,0.7151516426995733,1.4509509079173633
2.583,999.9241129557291,999.8809204101562,999.9304809570312,999.9609375,1.7446393370764035,17.0,38.5625,-26.1875,-2.2059465459472967,-0.27637600692204933,1.5287435965866365
2.593,999.93408203125,999.90087890625,999.970458984375,999.930908203125,1.3168549371641447,17.0,38.5625,-26.1875,0.7834789692115273,1.4276722289013908,1.1970347280419293
2.603,999.9207763671875,999.8709106445312,999.9404907226562,999.950927734375,1.1380269114616919,17.0,38.5625,-26.1875,0.7466938231599468,0.950201013343986,1.0711240054869453
2.614,999.9074300130209,999.8809204101562,999.9204711914062,999.9208984375,1.1617867029255766,17.0,38.5625,-26.1875,0.9067877990916077,0.8454298668698306,1.091517677925287
2.624,999.9107666015625,999.90087890625,999.9304809570312,999.9009399414062,2.1645063668527627,16.25,39.1875,-25.75,-0.19085514842415746,-0.628259880105587,2.14649056224974
2.634,999.9107666015625,999.90087890625,999.9404907226562,999.8909301757812,0.9858606609797125,16.25,39.1875,-25.75,1.0871043306314214,1.4791526703962998,0.8286521215458116
2.645,999.8507690429688,999.8209228515625,999.8504638671875,999.8809204101562,1.6318925896520504,16.25,39.1875,-25.75,1.4272312153115911,1.8516734451284398,1.3905009952136016
2.655,999.8907470703125,999.8609008789062,999.9004516601562,999.910888671875,1.6026288282178012,16.25,39.1875,-25.75,0.0900899244056167,-1.7209224781712584,1.471773193975915
2.665,999.8907674153646,999.8709106445312,999.9104614257812,999.8909301757812,1.7252330190075913,14.75,40.25,-25.0625,0.5235583560744625,-0.4192121253327478,1.7057174611294474
2.675,999.9040934244791,999.910888671875,999.9204711914062,999.8809204101562,2.102283959686323,14.75,40.25,-25.0625,0.5346913717580369,-0.3350728667670428,2.0855596945719235
2.685,999.9307657877604,999.9208984375,999.990478515625,999.8809204101562,2.2852803017321133,14.75,40.25,-25.0625,1.2523215155209302,0.558052106613752,2.2073239219693246
2.696,999.8907877604166,999.8309326171875,999.9404907226562,999.9009399414062,1.780918594445314,14.75,40.25,-25.0625,1.082636035153976,0.539519177759623,1.7176282094485433
2.706,999.9674275716146,999.9808959960938,999.96044921875,999.9609375,0.5599280579449051,14.75,40.25,-25.0625,0.43922254222159757,0.07037356829727831,0.5503831515172486
2.716,999.9474283854166,999.9208984375,999.98046875,999.94091796875,-0.7667649976954998,14.0625,40.6875,-24.0,0.18836498179177463,0.24356330737446624,-0.7720082509530535
2.726,999.9474283854166,999.8909301757812,999.950439453125,1000.0009155273438,-0.5470952217243283,14.0625,40.6875,-24.0,-0.7930607721861737,0.4208233492735476,-0.5907067921815212
2.736,999.9740804036459,999.9608764648438,999.96044921875,1000.0009155273438,-0.3908017854471577,14.0625,40.6875,-24.0,-1.4052635514796876,0.009141726987187182,-0.4962227971275883
2.747,999.944091796875,999.9208984375,999.970458984375,999.94091796875,-1.2035776707263395,14.0625,40.6875,-24.0,0.5225242993248251,2.1183418493694672,-1.4847311469451459
2.757,999.9507446289062,999.9808959960938,999.96044921875,999.910888671875,-1.6540822099838781,14.0625,40.6875,-24.0,-0.9924036692737178,0.29516385279256835,-1.7200674752679088
2.767,999.9007568359375,999.8508911132812,999.950439453125,999.9009399414062,-0.7910592288580389,12.25,41.0,-24.6875,-0.8995527890985275,0.8232333954064879,-0.873871968817852
2.777,999.7774047851562,999.7208862304688,999.7604370117188,999.8508911132812,1.703109504180274,12.25,41.0,-24.6875,-0.7372177293558969,-0.2445677795195076,1.676878909259484
2.788,999.8440958658854,999.90087890625,999.9404907226562,999.69091796875,2.3309185305993587,12.25,41.0,-24.6875,0.22612624647956203,0.024463892836790235,2.328787880396101
2.798,999.9207763671875,999.8909301757812,999.9204711914062,999.950927734375,5.727390649829651,12.25,41.0,-24.6875,-0.9266455483367169,0.7101689565841929,5.683466245042318
2.808,999.924072265625,999.910888671875,999.950439453125,999.910888671875,6.7097406163819695,12.25,41.0,-24.6875,0.24126988109995684,-2.127908750527901,6.570342585747133
2.818,999.9040934244791,999.8508911132812,999.9304809570312,999.930908203125,-1.4259976056144197,10.5,41.6875,-25.375,-0.42844514227704,2.768186870412696,-1.9077805421769574
2.829,999.93408203125,999.9608764648438,999.9204711914062,999.9208984375,0.3352399548842584,10.5,41.6875,-25.375,-0.23180359256377014,-0.6040173170989018,0.3145900616913462
2.839,999.9141031901041,999.8909301757812,999.9104614257812,999.94091796875,1.5646559257533372,10.5,41.6875,-25.375,1.7749699315131795,-1.7177635493722723,1.293223295959944
2.849,999.8941040039062,999.8508911132812,999.8804931640625,999.950927734375,0.39149963296551427,10.5,41.6875,-25.375,2.2680599238509633,-0.5420343631641553,0.12139958376290139
2.859,999.9307657877604,999.94091796875,999.9204711914062,999.930908203125,0.22812694259063981,10.5,41.6875,-25.375,2.140036476677433,1.1969406624104908,-0.0759582164076118
2.87,999.9374389648438,999.9208984375,999.9204711914062,999.970947265625,-0.060774686541508416,9.0625,42.0625,-25.0,2.1480667152854203,1.5568766965408198,-0.4286707471152642
2.88,999.9241129557291,999.8909301757812,999.9304809570312,999.950927734375,-0.8758803468149363,9.0625,42.0625,-25.0,1.758158522152151,0.32356358573075183,-1.0565618643643564
2.89,999.8941040039062,999.8609008789062,999.8804931640625,999.94091796875,0.4270792800706147,9.0625,42.0625,-25.0,1.7661468969961271,-0.3206677314563774,0.2684765481041165
2.901,999.9341023763021,999.950927734375,999.9404907226562,999.910888671875,-0.018667095228014574,9.0625,42.0625,-25.0,0.9952576006075677,-0.38822235193905297,-0.07712037647858416
2.911,999.9274291992188,999.950927734375,999.8904418945312,999.94091796875,-0.21179187580385062,9.0625,42.0625,-25.0,0.45364121256732276,-0.6178290028828645,-0.24244565372936044
2.921,999.9341023763021,1000.0109252929688,999.9004516601562,999.8909301757812,-0.528572575127761,9.875,41.375,-25.375,0.4927123912849102,0.5558880534370974,-0.5583451202127776
2.932,999.9607747395834,999.950927734375,1000.00048828125,999.930908203125,-0.056467268819186955,9.875,41.375,-25.375,1.0056806816945079,1.1982235722295427,-0.18273313054866236
2.942,999.9607543945312,999.9608764648438,999.970458984375,999.950927734375,0.4794019042416888,9.875,41.375,-25.375,0.4734372283461757,-0.9312666280385228,0.42622934509237
2.952,999.9807739257812,999.94091796875,999.990478515625,1000.0109252929688,0.09406493607863808,9.875,41.375,-25.375,0.14144091308106616,-0.153221725868662,0.09186951180891789
2.963,999.9741007486979,999.94091796875,999.98046875,1000.0009155273438,0.09834990042043934,9.875,41.375,-25.375,0.05536858961777774,-0.31551901193216114,0.09317019047712982
2.973,999.9674275716146,999.94091796875,999.950439453125,1000.0109252929688,0.30473155937342256,8.75,41.375,-25.6875,-0.05396614954032186,-0.7199463888288115,0.2789325188595093
2.984,999.9974365234375,999.950927734375,1000.0104370117188,1000.0309448242188,0.6187059515615339,8.75,41.375,-25.6875,0.5522323807336704,-0.6244089133435543,0.58533841347848
2.994,999.9774373372396,999.950927734375,999.98046875,1000.0009155273438,0.7442126889945406,8.75,41.375,-25.6875,0.6286856418633997,-0.5878826663733113,0.7090566981467497
3.004,999.9407755533854,999.8909301757812,999.9404907226562,999.9909057617188,0.36688568757054796,8.75,41.375,-25.6875,0.25234856830276586,-0.26668892691167245,0.3602605430842587
3.015,999.9407552083334,999.910888671875,999.96044921875,999.950927734375,-0.033471757644893074,9.875,40.25,-25.6875,0.2308641122575269,0.17813468492622286,-0.037821416425872556
3.025,999.9307657877604,999.930908203125,999.9404907226562,999.9208984375,0.19002499996763156,9.875,40.25,-25.6875,0.11800567324574776,0.8178582364584361,0.15582573428396707
3.035,999.9540812174479,999.90087890625,999.950439453125,1000.0109252929688,0.3249343294303628,9.875,40.25,-25.6875,0.6340220399190009,1.8434115781322127,0.13568970300054772
3.045,999.9507649739584,999.94091796875,999.98046875,999.930908203125,0.0478956942431541,9.875,40.25,-25.6875,-0.22001888492201044,1.1603105652144574,-0.023101686381581388
3.055,999.9407755533854,999.94091796875,999.9304809570312,999.950927734375,0.4350569109920883,9.875,40.25,-25.6875,-1.3635227515221096,-0.9318262400558548,0.30106802834852253
3.066,999.9474283854166,999.90087890625,999.970458984375,999.970947265625,0.13647134052072474,10.1875,40.6875,-26.5,-1.1012421966013035,-1.0202242243607618,0.022532750225263243
3.076,999.9341023763021,999.9208984375,999.9404907226562,999.94091796875,-0.4425192043549906,10.1875,40.6875,-26.5,-0.39939577468654186,-0.8087539849825285,-0.4860471652997127
3.086,999.9541015625,999.8909301757812,999.970458984375,1000.0009155273438,-0.5749793923808735,10.1875,40.6875,-26.5,0.45949784402078325,-0.002679847033472016,-0.5864182568315659
3.096,999.9374186197916,999.90087890625,999.96044921875,999.950927734375,0.20235690819245455,10.1875,40.6875,-26.5,0.5610642114025235,0.384091694317612,0.1792427830175729
3.107,999.9607747395834,999.9208984375,999.990478515625,999.970947265625,0.2573337659072834,10.1875,40.6875,-26.5,0.862349959323734,0.4500629534660101,0.2102297897677321
3.117,999.9407552083334,999.9608764648438,999.9404907226562,999.9208984375,0.17864385479122724,11.6875,39.875,-26.875,1.0107639314409238,0.4762095357381176,0.1159552089876339
3.127,999.9174194335938,999.90087890625,999.9404907226562,999.910888671875,0.1677455784132551,11.6875,39.875,-26.875,1.2189759693799895,0.39589984314551296,0.085088060639821
3.137,999.9274291992188,999.9608764648438,999.9304809570312,999.8909301757812,0.4280220601667093,11.6875,39.875,-26.875,1.3274012548540455,-0.6099058312691016,0.3232678090562704
3.147,999.9307657877604,999.930908203125,999.9304809570312,999.930908203125,1.1474814220778384,11.6875,39.875,-26.875,0.9129097386474723,-1.4385537537934805,1.0142116582091205
3.158,999.924072265625,999.910888671875,999.950439453125,999.910888671875,0.5930525971147986,11.6875,39.875,-26.875,0.45676141056679054,-2.692067048816943,0.22830898890983597
3.168,999.9874064127604,999.9608764648438,999.96044921875,1000.0408935546875,2.8835887521469097,11.25,39.5625,-27.5625,-0.07068919476658797,-4.821920671739189,1.9318601372111441
3.178,999.9541015625,999.94091796875,999.96044921875,999.9609375,0.3576984249306907,11.25,39.5625,-27.5625,-1.4362998295477143,3.9177552781552833,-0.5379814689321485
3.188,999.9341023763021,999.90087890625,999.9404907226562,999.9609375,-0.394454725041518,11.25,39.5625,-27.5625,0.7101661180584296,1.8093306298613339,-0.597265358136033
3.198,999.9107666015625,999.8809204101562,999.9204711914062,999.930908203125,-0.05271561149308468,11.25,39.5625,-27.5625,1.6145386286423689,0.27297884796548355,-0.1910943344169418
3.209,999.9707438151041,999.9608764648438,999.9104614257812,1000.0408935546875,1.2479656297452646,11.25,39.5625,-27.5625,2.2563461846374473,0.37782307507041213,1.008722451733565
3.219,999.9274088541666,999.90087890625,999.950439453125,999.930908203125,0.5728851486064084,13.0625,37.6875,-27.5625,2.3025461293463105,-0.2381515853449937,0.3115546806694418
3.229,999.9274291992188,999.8809204101562,999.96044921875,999.94091796875,0.05552589501575689,13.0625,37.6875,-27.5625,2.8922952610255916,-0.7760867683420164,-0.4099511364950974
3.24,999.9240926106771,999.8909301757812,999.96044921875,999.9208984375,0.5961185270693328,13.0625,37.6875,-27.5625,1.8519554747004277,-1.2206855054667642,0.35698040796214237
3.25,999.9307454427084,999.9208984375,999.950439453125,999.9208984375,0.6749705420550107,13.0625,37.6875,-27.5625,0.572808954312251,0.44525909421873966,0.6498394590278753
3.26,999.9341023763021,999.8909301757812,999.96044921875,999.950927734375,0.330852905585477,13.0625,37.6875,-27.5625,-0.3737347822971998,1.147426803248003,0.2587949475799114
3.271,999.9407755533854,999.930908203125,999.9304809570312,999.9609375,0.09038922469761346,16.6875,38.0,-28.0,-0.01897017619046837,1.1642616565946,0.02167542832387781
3.281,999.9874267578125,999.94091796875,999.970458984375,1000.0509033203125,0.10371800376862161,16.6875,38.0,-28.0,1.2895390200129797,0.7744332899995208,-0.011063993807770345
3.292,1000.0274251302084,1000.0509033203125,999.96044921875,1000.0709228515625,-0.026743563493917932,16.6875,38.0,-28.0,1.8928377537060717,-0.15618171466585185,-0.21287131415928684
3.302,1000.0640869140625,1000.0509033203125,1000.1004638671875,1000.0408935546875,-1.0040302845418427,16.6875,38.0,-28.0,1.407548037727262,0.48852222554894065,-1.1309875454518998
3.312,1000.0141194661459,1000.0209350585938,1000.00048828125,1000.0209350585938,-2.7491570492342845,16.6875,38.0,-28.0,-0.061617743341440046,1.8504491365199,-2.996223923386083
3.322,1000.0040893554688,1000.0009155273438,1000.0104370117188,1000.0009155273438,-5.665557917673422,21.0625,37.25,-24.25,-0.8922630481646553,1.5499901324958363,-6.071310735591293
3.333,999.9774373372396,999.9208984375,1000.0404663085938,999.970947265625,-5.374935161468894,21.0625,37.25,-24.25,-1.5122921497812802,0.5565847007007058,-5.6780529956652686
3.343,999.8940836588541,999.8809204101562,999.8904418945312,999.910888671875,-5.226191554092338,21.0625,37.25,-24.25,-0.41901439450842076,-0.2233152005357656,-5.250849078262618
3.353,999.9040934244791,999.8709106445312,999.9204711914062,999.9208984375,-1.7368778303658843,21.0625,37.25,-24.25,-0.022200497650905926,-0.7793955952744573,-1.7746187887687181
3.364,999.9674275716146,999.950927734375,999.950439453125,1000.0009155273438,1.5430700312784449,21.0625,37.25,-24.25,-1.8925003815159314,0.3888374649558747,1.3774682956834123
3.374,999.8874104817709,999.90087890625,999.8904418945312,999.8709106445312,3.186810955134707,20.25,38.375,-25.375,-0.22985759635133804,0.00018403194634675213,3.1847781995323565
3.385,999.9107462565104,999.910888671875,999.9104614257812,999.910888671875,2.632435795781417,20.25,38.375,-25.375,0.009003637389910751,1.3406267398403244,2.5599978743361778
3.395,999.9074300130209,999.8609008789062,999.9404907226562,999.9208984375,2.0509404787389833,20.25,38.375,-25.375,-1.2016627383450038,0.7879934238047904,1.9635713387018843
3.411,999.8907674153646,999.8909301757812,999.9204711914062,999.8609008789062,1.9493407390580977,20.25,38.375,-25.375,-0.12691377521806557,0.5976271806021468,1.9334589991167803
3.421,999.87744140625,999.8109130859375,999.8704833984375,999.950927734375,2.8066437677547675,7.5625,41.25,-24.5625,-1.7886984259237142,-1.282333862991214,2.6131991760314808
3.432,999.9240926106771,999.910888671875,999.9304809570312,999.930908203125,1.9920588060281883,7.5625,41.25,-24.5625,0.49279793980002506,1.5678163330503934,1.877073808156462
3.442,999.9341023763021,999.8709106445312,999.970458984375,999.9609375,2.403803475485608,7.5625,41.25,-24.5625,1.0898077315663508,-0.9793780910631142,2.3155982533130324
3.453,999.9407552083334,999.8508911132812,999.98046875,999.9909057617188,0.7234187048355913,7.5625,41.25,-24.5625,1.3507663203429199,-0.6412977703114604,0.6167481569759374
3.463,999.9374389648438,999.94091796875,999.9404907226562,999.930908203125,1.8393865928579984,7.5625,41.25,-24.5625,1.224821214741372,0.5264315518459539,1.7628514551514147
3.473,999.9107666015625,999.8709106445312,999.8804931640625,999.9808959960938,0.5459358058594166,-13.1875,44.5625,-11.25,1.1471786345260515,-1.5434814336753182,0.36580722397332366
3.484,999.9807739257812,999.9909057617188,999.98046875,999.970947265625,4.698321882309882,-13.1875,44.5625,-11.25,7.391482202750549,-2.5477979925355916,2.4115432771956122
3.494,999.9707438151041,999.90087890625,1000.0104370117188,1000.0009155273438,2.0779605115386133,-13.1875,44.5625,-11.25,4.859818904442777,0.24468749868838113,1.0364691659501624
3.505,999.9307657877604,999.8909301757812,999.8904418945312,1000.0109252929688,2.135923643872289,-13.1875,44.5625,-11.25,3.62636050965331,-0.9052619441537808,1.536149213355202
3.515,999.9574381510416,999.94091796875,999.9104614257812,1000.0209350585938,-3.553627455754449,-23.375,42.25,-3.25,0.3286080682968514,-0.14667491786409953,-3.563985221094228
3.525,999.8707478841146,999.8508911132812,999.9004516601562,999.8609008789062,0.24206460721869227,-23.375,42.25,-3.25,0.33909169283506513,2.323831261716059,-0.03611500177027516
3.535,999.8907674153646,999.8209228515625,999.8704833984375,999.9808959960938,0.47531993590893684,-23.375,42.25,-3.25,1.018600965011574,1.89507903188369,0.24777976101078103
3.545,999.9574178059896,999.9208984375,1000.0104370117188,999.94091796875,3.910331416384743,-23.375,42.25,-3.25,1.7308005936704998,3.083207936986616,3.4469096058503297
3.556,999.9241129557291,999.950927734375,999.9304809570312,999.8909301757812,2.9306314930790567,-23.375,42.25,-3.25,2.5403875795982302,3.2677557307637195,2.2395599202594028
3.566,999.9307657877604,999.90087890625,999.9404907226562,999.950927734375,-0.14826604750286876,-21.5625,43.25,-9.6875,1.3056300828910894,1.6529497801637687,-0.380673932897313
3.576,999.9541015625,999.94091796875,999.9404907226562,999.9808959960938,1.8172693668962836,-21.5625,43.25,-9.6875,1.548383661991468,1.8241198963067926,1.568422015795523
3.586,999.8907674153646,999.8209228515625,999.9304809570312,999.9208984375,0.5731066548393162,-21.5625,43.25,-9.6875,-0.3995903776557087,0.5911122213303572,0.5485625295041476
3.596,999.9140828450521,999.8609008789062,999.96044921875,999.9208984375,-0.7769603820514757,-21.5625,43.25,-9.6875,1.0746660884906492,1.6858468593070117,-1.0009808772689954
3.607,999.9040934244791,999.8909301757812,999.9004516601562,999.9208984375,1.779775219972418,-21.5625,43.25,-9.6875,0.8337558266358016,2.396700427700404,1.4985617092050347
3.617,999.9341023763021,999.950927734375,999.9004516601562,999.950927734375,1.0756148190660824,-10.875,41.75,-20.75,1.1022187697351025,2.1297378762538246,0.8081891276791922
3.627,999.9374389648438,999.950927734375,999.9304809570312,999.930908203125,1.4790613712550496,-10.875,41.75,-20.75,-0.8838296208200594,-0.39166964875287724,1.4375929305594006
3.637,999.9474283854166,999.9708862304688,999.9304809570312,999.94091796875,4.951818671632434,-10.875,41.75,-20.75,-5.588962789198703,-5.2695660592176745,2.7958105246211478
3.647,999.9374389648438,999.950927734375,999.9204711914062,999.94091796875,-0.4855695112958802,-10.875,41.75,-20.75,2.412079376121305,2.1132084551595205,-1.0543602719728398
3.658,999.9640909830729,999.9608764648438,999.9404907226562,999.9909057617188,-1.3445823634166736,-10.875,41.75,-20.75,0.9869175422898324,1.6496665191394917,-1.565735939325645
3.668,999.9941202799479,999.950927734375,1000.00048828125,1000.0309448242188,-0.5475276170027712,1.25,42.375,-24.75,1.1104300489133263,1.7786326891570763,-0.7879821819440771
3.678,1000.0174153645834,1000.0408935546875,1000.0104370117188,1000.0009155273438,-1.3253494947733504,1.25,42.375,-24.75,0.9810624958500116,1.4207183155268024,-1.502872334976061
3.688,999.8507486979166,999.8408813476562,999.8604736328125,999.8508911132812,-1.0213537197240719,1.25,42.375,-24.75,-1.12328154868137,-1.2082310768859517,-1.1775774160988313
3.698,999.8607788085938,999.8209228515625,999.8704833984375,999.8909301757812,-6.757869708551565,1.25,42.375,-24.75,0.8597916678832415,0.8114483690612065,-6.996139813678802
3.709,999.8607381184896,999.8408813476562,999.8904418945312,999.8508911132812,0.9032305605767288,1.25,42.375,-24.75,1.758731737444237,1.5411891356852525,0.6448987449820525
3.719,999.8741048177084,999.8809204101562,999.8604736328125,999.8809204101562,4.651141254439228,3.375,42.0,-25.5,1.5483485814293039,2.6297335745673673,4.325477507959295
3.73,999.8974405924479,999.8909301757812,999.8804931640625,999.9208984375,4.369456981851208,3.375,42.0,-25.5,1.407120353280493,2.395832914031375,4.094567496315614
3.74,999.9107666015625,999.8909301757812,999.9204711914062,999.9208984375,4.113796551934209,3.375,42.0,-25.5,-0.02854071894436125,-4.455224283348412,3.381750165617893
3.75,999.944091796875,999.910888671875,999.9404907226562,999.9808959960938,2.6851111228011657,3.375,42.0,-25.5,2.0230854071623336,2.505516040133884,2.2629994938750873
3.76,999.9307454427084,999.9208984375,999.950439453125,999.9208984375,0.3824484896033713,3.375,42.0,-25.5,-0.020489522462446976,0.02565116397669575,0.3823956168544562
3.771,999.9741007486979,999.930908203125,999.990478515625,1000.0009155273438,-1.0227139966169219,-1.0,42.75,-22.875,0.5643328798564253,-0.3058603318203374,-1.04618957511153
3.781,999.9541015625,999.9608764648438,999.9304809570312,999.970947265625,-1.4282821397941952,-1.0,42.75,-22.875,0.35891997606123827,0.5883322005452657,-1.456663184051612
3.792,999.9007568359375,999.8709106445312,999.9004516601562,999.930908203125,-1.482215484765785,-1.0,42.75,-22.875,0.009099105434766552,0.021170317172752785,-1.4822473646171588
3.802,999.9207560221354,999.930908203125,999.9204711914062,999.910888671875,-0.639302060881322,-1.0,42.75,-22.875,-1.4489250311832074,-0.6568352104951684,-0.7783398840069218
3.812,999.9341023763021,999.8909301757812,999.970458984375,999.94091796875,-0.5636280799050102,-1.0,42.75,-22.875,1.4421133702771753,1.1970467023280795,-0.7555656220593008
3.823,999.9707641601562,999.950927734375,999.970458984375,999.9909057617188,1.2020392412880163,-1.0,43.5,-22.0625,1.7577546542418274,1.4337847729037574,0.9658789920891238
3.833,999.944091796875,999.930908203125,999.96044921875,999.94091796875,-1.7331870924018116,-1.0,43.5,-22.0625,-0.18744462308069412,0.109754247957707,-1.736108418942072
3.843,999.9574381510416,999.94091796875,999.96044921875,999.970947265625,-0.8080277273688363,-1.0,43.5,-22.0625,-0.1891772743245299,-0.46713845110380087,-0.8221471739018913
3.854,999.9607747395834,999.9208984375,999.990478515625,999.970947265625,-0.9232622365818628,-1.0,43.5,-22.0625,-0.33889296848817896,-1.2138255635158886,-1.0130751320119469
3.864,999.9574381510416,999.950927734375,999.96044921875,999.9609375,-0.46503370417145895,-1.0,43.5,-22.0625,1.2786538638691514,0.6071188138466888,-0.5728550886944888
3.874,999.9474487304688,999.930908203125,999.9404907226562,999.970947265625,-1.8601888519014187,0.75,42.75,-23.6875,0.3013665504576208,-0.4971329727322941,-1.8814733840315512
3.885,999.9307657877604,999.8909301757812,999.950439453125,999.950927734375,-2.4332390441376015,0.75,42.75,-23.6875,0.8081099309647217,0.5167788798643798,-2.4958698310230885
3.895,999.9207560221354,999.910888671875,999.9304809570312,999.9208984375,-0.3941305697434263,0.75,42.75,-23.6875,0.023384090052652032,-0.11193511281172357,-0.39482497016160245
3.905,999.9107666015625,999.910888671875,999.9204711914062,999.9009399414062,-0.1398499765731902,0.75,42.75,-23.6875,0.225942589551252,0.11207592869902987,-0.14313957853871528
3.916,999.9507649739584,999.9608764648438,999.9304809570312,999.9609375,1.541779329032984,1.1875,42.75,-23.25,-0.8331096542991424,-0.37281399095733003,1.5050268213168891
3.926,999.9907633463541,999.94091796875,1000.0504760742188,999.9808959960938,1.2527893986946683,1.1875,42.75,-23.25,0.47031826602951926,0.038805757935191254,1.2427193089149426
3.936,999.9874267578125,999.94091796875,1000.0104370117188,1000.0109252929688,0.39472937249847995,1.1875,42.75,-23.25,0.5013390267042521,1.0341076406292207,0.32981174055163187
3.946,999.9940999348959,999.9208984375,1000.0304565429688,1000.0309448242188,1.4653405776128512,1.1875,42.75,-23.25,-0.10412686102600929,0.5780343782641599,1.4500328150285853
3.956,999.9807535807291,999.950927734375,1000.0104370117188,999.9808959960938,1.7426447523996185,1.1875,42.75,-23.25,1.1241756850479798,1.4816680819675379,1.5919511268542106
3.967,999.9740804036459,999.9608764648438,999.970458984375,999.9909057617188,1.8631876059259227,-2.5,42.75,-22.25,0.9258882159326344,1.3788352270353612,1.7444300297083473
3.977,999.9441121419271,999.9208984375,999.9404907226562,999.970947265625,-0.36645163296451067,-2.5,42.75,-22.25,-0.0646826921822485,-0.18551205265939746,-0.3684955018710703
3.987,999.9307657877604,999.8909301757812,999.950439453125,999.950927734375,0.6465478780377563,-2.5,42.75,-22.25,1.0151103474296348,1.6493181111031958,0.4656359548508817
3.997,999.9474283854166,999.8909301757812,999.970458984375,999.9808959960938,1.1252872954497253,-2.5,42.75,-22.25,0.7205435353475603,1.4276100508460892,1.007728726050411
4.007,999.9707845052084,999.94091796875,999.9404907226562,1000.0309448242188,3.0328266095621075,-2.5,42.75,-22.25,-0.9597927256757539,-1.0440890067691062,2.954281076228318
4.018,999.9974161783854,999.9608764648438,999.98046875,1000.0509033203125,1.6753341658678522,-6.5625,43.5,-21.0625,-0.19662682983360907,-0.17687249126062668,1.6722887489069969
4.028,1000.0207722981771,999.9909057617188,1000.00048828125,1000.0709228515625,-0.814256791121327,-6.5625,43.5,-21.0625,0.0686217654738712,0.07026833136376034,-0.8147929820933317
4.038,999.9541015625,999.950927734375,999.9304809570312,999.9808959960938,-2.7331431817184955,-6.5625,43.5,-21.0625,0.5051248276355342,0.3631110788379192,-2.7605389085839507
4.048,999.9540812174479,999.930908203125,999.950439453125,999.9808959960938,-3.493948829170993,-6.5625,43.5,-21.0625,0.31521015824901616,-0.32408944669369666,-3.5101499240689167
4.058,999.9174397786459,999.8809204101562,999.9004516601562,999.970947265625,-1.8352773576856247,-6.5625,43.5,-21.0625,0.4731905921384021,-0.7482354864048057,-1.884570324440583
4.069,999.9474487304688,999.8809204101562,999.9404907226562,1000.0209350585938,0.4414294692043459,-6.1875,42.75,-21.75,0.8433135577074073,-0.8773321600934189,0.3689447727317994
4.079,999.9974365234375,999.9708862304688,1000.00048828125,1000.0209350585938,1.8044431495237578,-6.1875,42.75,-21.75,1.2845146840813775,-1.2250969107392273,1.6679984866350246
4.09,999.9907633463541,999.9708862304688,999.98046875,1000.0209350585938,0.014464589945772488,-6.1875,42.75,-21.75,1.468229683163778,0.22143197587999336,-0.09838973410521135
4.1,999.9807535807291,999.9708862304688,999.990478515625,999.9808959960938,-3.690244911871498,-6.1875,42.75,-21.75,1.089678142503254,0.1366350775344824,-3.7895901518241724
4.11,999.9741007486979,1000.0009155273438,999.9404907226562,999.9808959960938,-2.7385291520107815,-6.1875,42.75,-21.75,1.1588805014632217,0.5066003335559379,-2.852554201480925
4.121,1000.0107625325521,1000.0209350585938,1000.0104370117188,1000.0009155273438,-1.0053820871931656,-3.25,42.75,-24.0625,1.387368640007051,0.9515932181647329,-1.1676059338637614
4.131,1000.0340983072916,1000.0209350585938,1000.0404663085938,1000.0408935546875,-1.7030521361805313,-3.25,42.75,-24.0625,1.194074132793577,1.0056993564869026,-1.8547904215889979
4.141,1000.0074259440104,1000.0009155273438,999.96044921875,1000.0609130859375,-2.801797566533356,-3.25,42.75,-24.0625,1.0058862159555158,1.1368938035044431,-2.968175188697705
4.152,1000.0840861002604,1000.0609130859375,1000.0804443359375,1000.1109008789062,-4.34334665418761,-3.25,42.75,-24.0625,0.7826792854564657,0.9853930944248861,-4.490158612434117
4.162,1000.0874226888021,1000.0609130859375,1000.0804443359375,1000.1209106445312,-1.8704406262124227,-3.25,42.75,-24.0625,0.6252669682406589,-6.418233018497933,-5.178377261845666
4.172,1000.0874226888021,1000.0809326171875,1000.0804443359375,1000.1008911132812,-6.760180450582176,-1.5,42.75,-23.6875,0.11818675774694273,1.1063277277772023,-6.970375001332792
4.183,1000.0907592773438,1000.1008911132812,1000.0604858398438,1000.1109008789062,-8.184761551585344,-1.5,42.75,-23.6875,0.11530957053007494,0.17168689021920377,-8.197974153781551
4.193,1000.0340779622396,1000.0408935546875,1000.0104370117188,1000.0509033203125,-7.962461046460474,-1.5,42.75,-23.6875,-0.03960884435078897,-0.23233707073756546,-7.9775560554668505
4.203,999.8741048177084,999.8209228515625,999.9004516601562,999.9009399414062,-8.970714597506133,-1.5,42.75,-23.6875,0.22392709154343723,0.07774712924070193,-9.00488384166816
4.214,999.8074340820312,999.7509155273438,999.8604736328125,999.8109130859375,-7.41360698862543,-1.5,42.75,-23.6875,0.08185384534237852,0.3739104197141289,-7.444373146289393
4.224,999.8240966796875,999.7509155273438,999.9004516601562,999.8209228515625,-0.8140173104307689,-0.6875,42.0,-24.0625,-0.3257416914161956,2.051688483125143,-1.057162101940067
4.235,999.80078125,999.7509155273438,999.8204956054688,999.8309326171875,10.178585882204372,-0.6875,42.0,-24.0625,0.17667803194839715,4.48715744822486,9.667622249086952
